{
  "overall": 0.83748,
  "rozsah": 1.0,
  "misto": 0.90743
}