{
  "overall": 0.61708,
  "Mluvčí": 0.69984
}