{
  "overall": 0.60557,
  "Hlavní téma článku": 0.66035,
  "Mluvčí": 0.67806
}