{
  "overall": 0.60789,
  "Hlavní téma článku": 0.66035,
  "Mluvčí": 0.67806
}