{
  "overall": 0.63038,
  "Hlavní téma článku": 0.61702,
  "Mluvčí": 0.70229
}