{
  "Hlavní téma článku": 0.67652,
  "Mluvčí": 0.67092
}