{
  "overall": 0.65129,
  "mean_through_prompts": 0.62779,
  "Hlavní téma článku": 0.67652,
  "Mluvčí": 0.76919
}