{
  "overall": 0.73525,
  "mean_through_prompts": 0.37399,
  "prompts": {
    "citace_a_parafraze": -0.0,
    "dopad": 0.30029,
    "dotazy": 1.0,
    "emoce": 0.0,
    "fakta_a_nazory": 0.27273,
    "funkce": 0.16409,
    "hard_news": 0.47594,
    "informace": 0.4331,
    "konflikt": 0.28571,
    "kontext": 0.4251,
    "kriterium": 0.77908,
    "lokalni_dopad": 0.22255,
    "morbidnost": 0.32495,
    "negativni_vyzneni": 0.23077,
    "nekompetence": 0.34545,
    "obtezujici_okolnosti": 1.0,
    "odborny_zdroj": 0.45455,
    "odstavce": 0.82588,
    "personalizace": 0.21591,
    "podpora": -0.00625,
    "politicka_zprava": 0.6719,
    "pozadavky": 0.22456,
    "problemy": -0.01258,
    "protichudna_hlediska": 0.54839,
    "pyramida": 0.34545,
    "rady": 0.53858,
    "reakce": 0.36256,
    "senzacnost": 0.22424,
    "skandal": -0.07143,
    "soukromy_ramec": -0.03333,
    "soukromy_zivot": 0.47039,
    "strategicke": 0.16129,
    "validace": -0.01258,
    "vecne": 0.82609,
    "vyvazenost": 1.0,
    "vzdelavani": 0.47039
  }
}