{
  "overall": 0.60059,
  "Hlavní téma článku": 0.66035,
  "Mluvčí": 0.67172
}